x0,x1,x2,x3,y
-331.070808481777,-9.50257728029829,1150.5463370536781,41.41480235413662,0
8.373484433645668,118.05503508095622,3285.208971754979,-208.6468051981675,0
-331.0690642276427,-13.001691882172679,-170.9488957427368,-48.08503496702474,0
-322.4322861730854,2.5131884093660695,1344.3143139040626,31.99897826999584,0
,-17.557357735484782,672.1316508346483,20.300037457490845,0
-322.0135935459371,8.10477351883958,1509.2574042736483,35.23868460597312,0
-326.4540792300666,,480.90428100578555,-12.769298193798361,0
-328.90344394672036,-7.42568791153837,927.1846170105571,20.95643531790218,0
58.66148840907749,102.90988882958673,3256.59114990293,,0
-331.80539870590854,-13.217942580392538,,38.98396414135002,0
-324.97983517730324,0.28117455202630204,1155.1173871993751,23.361332688366474,0
-327.4781603356225,-3.2144844200152094,1516.267804611406,56.01264720307487,0
-329.3189209271639,-8.480444545980399,502.3912254064003,-7.655954264790825,0
71.3150570949784,119.36947412305285,3783.136775492428,-214.4684976967593,0
7.920530694320629,103.97143800959725,2950.5483230609884,-211.39543567060662,0
-340.09188846771946,-25.713794477519595,693.0617126662402,38.412887647096525,0
41.10899507174114,112.44396025055619,3477.7360591749075,-207.07250908184912,0
-329.7268292059056,-9.61709939101712,1004.4709581834377,30.27228960775425,0
-328.5199820983161,-5.190917525635479,1477.5079907527409,56.82962176559535,0
-339.9308180395888,-29.73175559898465,-167.35571538539773,-17.37251589576371,0
14.87230456097195,-15.119555600921268,308.92705793062805,-227.92051113371838,1
-332.47113784934106,-14.1197573415144,693.8632914734168,16.435158615444774,0
-327.87901056498123,-7.0907116425537176,694.9368353689292,3.17059467358467,0
-330.78497602403917,-13.756248322291107,611.9982653559339,8.968120927196317,0
36.385292348432365,-9.478169785887252,,-211.49881456277944,1
-374.4700011290543,110.00005667873216,-281.110725193707,-211.67832278788035,1
-334.1293666370395,-15.809067980241515,672.234492660283,18.440031976693128,0
17.135630764063404,116.4114790314722,3361.5942227179366,-206.23365010941927,0
33.16666587415348,105.4863076091398,3215.286926215589,-210.54026770808792,0
-318.3260954406984,7.858490923595456,821.4099449002175,-16.006031543635544,0
21.72099903251115,115.01924816210911,3466.2715148874086,-199.54230563398414,0
-23.257558330689523,111.64447332777576,3010.3644177088922,-198.93164645837342,0
74.2906591053266,101.90936128043967,2847.905649872909,-257.3881576965609,0
-330.7469538133372,-10.675451118524137,1201.6706991942717,46.619785343304514,0
-315.7384725751683,14.367021689402836,1233.4508224745357,2.214861443203411,0
51.554165166192924,117.275484377402,3240.1871972022705,-237.84665893299945,0
49.601972210506425,114.16578791391217,3095.0721471552592,-242.3937246729928,0
-326.002528896794,-0.40271087764043756,793.4060965930369,-0.9004676139096546,0
39.33908997171653,109.34533362470432,3244.5266912059433,-218.06378733678486,0
12.186184990112725,107.93270812301299,3145.184036801677,-206.01995139550536,0
,118.77043685457438,3512.434672167198,-195.71734602612625,0
-329.2817968886617,-8.768192676371713,830.5414394045389,16.265357249969323,0
41.5051832701437,93.29984643415789,3142.864264087659,-202.84211564837463,0
-331.17831827046354,-13.88027152375999,502.2280572747027,1.5331838237729833,0
-322.48888208375774,-0.7782456993311104,758.8165012201014,-5.0285136698983735,0
47.761222221328026,125.22488607069643,3309.5006592486416,-242.32109044208474,0
-339.3078426631242,-26.295633621782414,224.96263465771804,5.239817260400805,0
15.932640422033113,121.7046474003733,3245.1083261608064,-221.69940128889021,0
-25.05310950169919,118.31046364959933,2865.227164899227,-218.12045868173982,0
28.79778640254069,111.31188626126345,3087.760245542439,-225.59991024024322,0
53.37558790607768,102.81460203791447,3086.731548749959,-228.47729004127547,0
-320.8943562265754,,1252.9629806725347,17.693659123942638,0
-337.832110018244,-21.431085174413784,972.8404362404764,50.67233099082554,0
-35.23250423811907,92.79871589925817,2329.7745065209247,-212.14713253955247,0
-358.41314920760624,102.31637735258587,-329.4249956379122,-213.80042708022057,1
37.89000765299685,110.49131168701092,2995.68112206084,-236.69123316930154,0
49.09981879215871,124.11000477710289,3597.7815042486754,-220.84438245553702,0
-334.0251436997864,-17.379599222709896,695.2170043240322,22.35779278271391,0
28.1773786452168,96.50745803680427,2971.1831857712373,-211.54228173541506,0
62.60029589828345,-6.585934977671953,,-158.831649911233,1
-335.8715859406503,-19.74315966688753,822.7766676439901,36.17536809721879,0
-323.50018686534355,0.07356287152755492,1426.216272259904,42.16847895267853,0
36.677207816468716,108.4667746438713,3423.594257666659,-202.25155212934817,0
-324.4832581338473,-0.6190578755451259,1337.2358704747542,37.439799359371015,0
-333.7747122840704,-14.809111883505617,1250.050093395965,58.1383626217116,0
-6.147871060282046,113.13225882365933,2952.5599801518447,-216.0383385639665,0
52.81257108608438,117.06346786829135,3286.010609108568,-235.03811273961807,0
-335.4972374204489,-17.32818775223179,1539.4322988116508,83.70628162503156,0
-12.559393399849359,119.00338711895773,3337.630800907464,-193.1473650936779,0
66.86590044541876,117.76063238012078,3739.445198201037,-212.41072711015624,0
47.810699135493785,108.07006199303919,2948.0259411985817,-242.7384615766222,0
55.088543710610246,113.0270991398541,3174.5392453104587,,0
35.86988074858369,116.75721123311912,3646.8083985577123,-198.0801695935429,0
-330.64407585707505,-12.397091068510157,569.8075538625021,3.8342227853686595,0
8.705149804600252,98.25141342908277,3042.8371313835255,-196.76589430312026,0
41.75802833968094,102.63488055345843,3020.312123954785,-225.66982605489252,0
-321.55867223138955,,,-4.965970504674697,0
18.536713912285325,-3.259129568627097,473.87504380390357,-236.04508649862942,1
11.127995840474288,119.16148421436522,3457.8629764362895,-199.65041790910152,0
-326.8613965534946,-4.252003604701162,957.7035275321695,,0
,107.82755370683229,2956.4627622707894,-244.96479331206115,0
-327.90588105495766,-6.868765762718008,708.3230676760826,3.816638366758749,0
-345.11311555427943,-37.808357435001625,9.965633277340658,10.605685464248324,0
26.701476709246954,116.93856304342842,3462.103807007962,-205.8255728578969,0
11.45724860054604,109.00196319325808,,-222.10539617913662,0
61.213798988770236,117.91970407548982,3137.1161416575433,-252.2611891357844,0
-333.9568765706426,-15.26632699733625,1381.8329670659207,68.37705919932479,0
-318.6822438092226,7.615675139112561,894.702143243955,-10.168621698086788,0
16.44324553738527,-19.87275364648058,553.4579007674504,-204.31296253278953,1
28.891245322497472,-6.18438648328131,763.1850110693917,-217.46687510347516,1
-3.114161249626255,108.93084006921613,3059.9523754774727,-203.99863804082645,0
-335.31727822643654,-19.777348001120334,845.1641356788833,37.482298301301235,0
18.670983265409316,128.59930561206082,3540.717962865751,-212.49153924453458,0
66.52047950982968,120.00468004619489,3166.334201658762,-256.60329454183085,0
0.45085705875667514,115.54293379169806,2957.3488219268584,-223.4275044444583,0
100.77984890122285,125.0363255919001,3947.692813948121,-229.61990286979687,0
32.96077422715361,95.5053549978652,3068.0478262822144,,0
56.63219687994946,111.69727738440247,3528.309907749041,-212.09161887281044,0
7.330955263491514,115.50086252126943,3281.0493659106996,-204.49038137570236,0
,103.76567216872478,,-205.01560680722383,0
24.346023719287732,119.94688277810735,3361.263111578809,-216.04715818612328,0
-327.13822674475637,-6.719555969407143,424.423335114216,-17.2331098988748,0
32.04920003868324,,3293.1355767200466,-213.51120434189843,0
-335.12297341554665,-17.667741550241534,908.8631257305229,38.78701346104499,0
25.810373806093004,,3333.7733545359415,-226.65922245354375,0
33.05002083784677,97.98780751383131,2720.763517595543,-234.75224489895265,0
-340.96420429744893,-26.761445613037207,1206.0265830747048,77.28062412043117,0
-342.6932693526766,-31.48756077034296,382.15884686791384,26.355616217877742,0
29.203096589147055,95.37946889421289,3348.905428926729,-183.43973422756204,0
24.80660711810925,107.4808692076981,2883.878727088628,-232.00421296990717,0
39.76886285025752,,3177.597944416999,-231.32308606727904,0
-328.0915831984752,-6.872502911301659,707.7919229295611,3.900821327811723,0
-335.28367557075154,-17.743796453344842,747.7153330265335,27.452609556581038,0
-332.2389408834727,-14.050029641404445,1374.15779145069,64.93825067843602,0
-329.5628878317333,-7.820310752669295,1253.3816383190278,45.33444894566545,0
-329.02703222079475,-9.157427983992266,577.0749876489547,-1.4801780107666218,0
-326.350309362551,-5.881556358606419,351.8124741957557,-24.17835865698531,0
66.74815097521152,110.99798135954903,,-229.09248744470972,0
49.14206328944177,114.55221735729404,3592.9632120216484,-206.99863217066223,0
-338.30692208194927,-22.933854201827906,605.6986501913025,26.89521424391812,0
35.31182151732904,107.23923689229753,3016.5986405400213,-228.73457550648584,0
,1.4282470693328086,930.2836535760534,3.9782953320144188,0
-335.4261785061345,-21.64762210383951,798.7852916421824,37.00913514089205,0
-326.6406169262181,-5.770159012682292,669.7306220171654,-1.3783193281237516,0
-317.12556594189596,,1305.5256991316342,12.309046280632058,0
-326.60334093271564,-4.525587797437147,1111.2461671772899,28.387738559632876,0
-330.84392573017703,-11.244743563213753,,36.1085159577614,0
-290.75919354726926,140.87987933046512,998.0755543429245,-218.54206017310835,1
-330.96069911625375,-13.649440658242646,604.8898766498233,8.410241076706289,0
-329.18839423080004,-5.20502242255362,956.202419232725,19.91169310999263,0
25.775617251466453,124.0762557108855,3350.602624082819,-223.8520410450567,0
-311.4587996958597,104.59046970800667,100.60530505349377,-215.86972411972727,1
-325.03314946359575,-4.892736766338732,,-19.917932516195442,0
-336.6302984765171,-23.70334213596866,306.90583725852605,5.573605997906661,0
26.75697537399177,121.96522091696187,3545.413304752531,-207.36749883358522,0
-330.0081598000671,-11.162020391385283,451.702470239103,-6.86647780159479,0
80.11405753623544,106.37782086886621,3419.1569499181014,-226.75613165610568,0
10.692847272339375,106.6099338118859,3108.1063020868905,-205.77106122527923,0
-338.17688235744413,91.14454867570181,,-216.07199866905503,1
-333.774915291932,-14.784890835649112,1195.1436909535178,54.16764046020341,0
,-2.908677689315775,998.2018184293423,17.32029332002293,0
-326.9476504932584,-5.95778463243219,1094.4466050235526,29.530613339185283,0
-325.4621327122025,-2.7184676930449747,246.07835063285606,-37.01902000332156,0
66.29056357865605,124.59319180285837,3907.908220581281,-210.14015861641425,0
27.507447502829514,114.9655652493264,3542.720426137549,-197.61977868599655,0
-335.09345560235175,-17.834676617935088,610.5846403444472,17.640918080996624,0
-34.38184704681871,,2540.0675355985522,-213.97185932132453,0
-330.4085398559442,-8.896604214311976,424.3915398050785,,0
30.84188044028334,108.04434792858115,2808.915381652119,-242.00691912645036,0
-333.2807490347597,-14.058574346590104,1222.6764835126723,54.749814842129126,0
-339.74203112525595,-28.878090438558417,336.3947086025803,17.33983594000435,0
-28.104803256371174,-10.560238961555948,-741.0843442669438,-282.94573604601374,1
41.33376571392308,,3330.7687188671052,-236.91933822793254,0
2.0225383285958642,105.55467992132854,3093.484994723568,-199.8010750628279,0
-321.9958265847771,5.541846183352082,1216.0959129647556,18.030812972090917,0
-323.6169724332239,-0.19803518601374748,,22.678888609224813,0
-320.78475774599934,5.996588185227757,1085.2353307494147,7.215367822450904,0
-354.3808057668449,81.70422253819072,-720.6950627002321,-213.71281215976194,1
26.279949632536795,118.55661939311099,3126.7210460186943,-232.00254211319157,0
-333.5479776204764,-15.211029050659404,,23.4486029666893,0
7.01415640591442,106.3025768527987,2624.0478536077107,-237.69194342361885,0
-337.6776800146567,-27.147856649488695,56.77790833348482,-6.569609192108939,0
24.385003591587814,106.7547296906863,3106.060669009264,-214.7366552271418,0
3.3171997811138265,106.00344650486971,2700.477213562538,-229.44671054960475,0
45.40287588113666,105.22075947923996,3178.8491160865246,-220.4452854677867,0
78.64993305208263,98.85924361200053,3247.9977932507254,-226.9179208278499,0
-0.004159999336845743,-21.898104118442703,-351.54872801785825,-255.82179636822138,1
-323.01705180836166,1.9566131249781638,737.7002711736211,-10.278121916249425,0
,-6.560146197939893,1014.8180927065729,25.191575202819152,0
37.68742035674477,112.48648281315485,3263.5548597887278,-220.33489259843714,0
21.180646323938834,126.02144934346589,3317.124290004776,-226.2574940998819,0
29.237607048277628,129.26729061819097,3403.463747917651,,0
-323.13772365118456,3.6306060381549443,783.9858995219989,-9.37540882197011,0
-319.2902249070877,7.405539742170895,1104.7294550329739,5.577420296652562,0
25.869841626593175,114.66252831229161,3002.8727413008496,-234.8277110869184,0
-11.84416901928542,,2974.053586887802,-199.88145125749165,0
-322.13412701475414,2.5798157971647573,1093.3318464924514,13.726074110819049,0
-317.08509637106084,111.71078485321465,129.9570723820679,-220.82266987553695,1
10.206535778032908,103.31728381823483,3224.2171370445953,-192.24655017944028,0
-326.8756720028058,-8.115904973717614,666.4038647715917,2.0203623443794427,0
-337.69422092096266,-24.06450077570295,726.3647328803851,36.83953022206759,0
24.96053552010828,104.8511689160789,3012.617325876423,-218.9632097703945,0
-335.7779879395603,-21.27766540069848,740.5867022119528,32.50912100205692,0
23.398693542930733,112.10719321796294,3581.3926121974555,-188.0146489463528,0
24.652601449905376,114.42516559720707,2952.3566741358495,-237.32994958459855,0
-328.57592546748987,-6.214976067656837,1270.5642993939107,43.55766166371739,0
-340.579436535518,-27.416607186490047,864.1756125767582,53.51497587750225,0
30.776467427643784,94.22878483520994,2589.4943971986163,,0
-268.35517047012763,123.39739751076637,810.4102444994967,-220.062832587471,1
,-5.64574479281589,1117.1832852425703,31.463240756849235,0
-332.1328898845053,-12.561324872580188,907.7796037172861,29.234513866778755,0
-328.8986331440266,-7.841007202574035,816.1225936568409,13.612052534865455,0
,-6.57876617668249,423.05115222946415,-17.43659622362186,0
-325.1793834305389,,884.843905190893,9.95856863253957,0
-340.4552242188608,-23.913818496313528,1098.818561873935,65.04187095853496,0
-325.36899548460497,-3.767845813532773,760.4178569337504,,0
-321.72434572858884,3.1409108885762915,1148.1287114006432,16.560902344819954,0
96.98856953118003,97.6493199407765,3329.9561972319034,-230.76790121536834,0
-335.5230926334231,-19.318836606827443,486.9547433984941,11.258802796192757,0
37.94337090998321,112.10281875968286,3419.938115059156,-208.71793499043417,0
-329.27490235893305,-11.983617177123875,907.1944294112466,26.537368838826833,0
-329.3837506015304,-10.57928920644649,465.23898422055686,-7.155585197070309,0
63.58667182354726,109.22175300218869,3283.3152635670685,-230.33642145262016,0
-340.38595570204694,-26.139675952016184,827.0338167498418,48.83217883806525,0
-339.73798435283334,-25.805829279741364,631.9841791206887,,0
-331.8957499261322,-14.575933856570513,1116.1693816569853,47.01639014439087,0
-339.1614147018761,-26.942359290348005,463.60864416293595,23.212198530998922,0
13.01254797723069,112.6105317534627,2947.990429510005,-227.62936573419935,0
13.105883049940719,107.02010609034033,3079.222051292451,-209.9674295030256,0
-335.99093168995165,-20.449588654682024,616.0630011918705,22.487245305730767,0
-332.0184727871943,-12.625820242458028,1353.8771417759688,61.22775320086703,0
64.35905920973963,90.1815116575044,2901.63519189855,-229.85140583250893,0
-326.2144771437448,-3.1856197459642743,718.7428459277003,-1.978276146011524,0
,-4.082644430455442,987.2318016251759,18.739472278224767,0
30.474778253357986,104.89936892203853,2962.275330742711,-226.10755539081444,0
-335.9629897714844,-20.57466404497673,29.238148549529797,-19.398554155035868,0
43.173714603225974,130.867616728127,3170.411811446495,-257.7999547232481,0
25.194422179693294,114.30418881891633,2964.228254173335,-236.63968378684444,0
-327.18195306130195,-9.1663863630974,423.3885504147411,-13.640032200198,0
50.377672769524196,119.09812622559853,3381.0050805886326,-229.72705906439316,1
-334.652813040782,-19.17781888712767,890.3636888622538,39.412138097342954,0
-326.5574610368134,-4.097538820552993,923.242873186552,14.249075573213226,0
-325.3546244320425,0.034861360272397945,1169.9465615425509,25.02595610538153,0
78.78353189552176,104.49257174660022,3132.4388372791395,-243.66310438167062,0
45.98984883648071,-3.1566614359261447,1034.7120069791401,-213.25607181263055,1
-314.00756769838404,119.15217492930954,268.02037458730365,-223.93164644856404,1
-351.0676492607087,79.44876829892294,-728.5891011740198,-213.0053081863323,1
11.546629016446122,,3221.41140390029,-197.65202515000252,0
60.05730658944314,-0.2834681105360559,1598.4571480442594,-185.96918392527573,1
45.83767069921776,129.38648950625932,3686.848344749195,-220.26066383894965,0
30.754011185484707,127.1835947246504,3215.456702243365,-241.28767333265824,0
-329.70578887852764,-9.2669891113181,864.4801903555633,19.70594801462886,0
39.02102455549825,106.48067921358862,3051.9034417723506,-227.40681777366987,0
-337.94672763648083,-21.648715592543336,1044.162989978914,56.179355403790694,0
34.830762531961,107.51765070940135,3266.370738586812,-210.9467471468065,0
-329.52400888795376,-9.466215663627233,638.10487954417,3.665090973450855,0
27.348355496901085,125.09778492908845,3344.853156535862,-226.7718836185592,0
-320.92188879510746,7.2213188020345065,1531.3880125609724,37.452846235439665,0
64.37339029034092,111.18850245831624,3268.6520323852824,-234.80721085555416,0
-323.38377724520706,0.9523990954533801,1370.7999452191418,36.81666425296415,0
-326.61020861664724,-8.223348375051229,397.1507291482418,,0
-324.73033438064436,-4.0400836144824925,345.96746194732935,-28.354429067308033,0
,-14.936850655570346,895.3653289848021,32.747447854616446,0
-324.3209246625841,107.66980928829692,42.30273973387568,-216.54652168640348,1
-316.9889410715158,12.679296085187964,815.6255338843529,-24.431922794474456,0
-323.09467710047835,1.6185917967761387,927.7282703800306,3.8916676106884474,0
27.695438022049785,105.31713135569944,3034.3038886121712,-219.82070269016023,0
-309.7062219135057,120.04426999529596,248.4050164108254,-229.36718590739935,1
63.76430643826158,126.7221103546081,3491.4625790690125,-241.5638287845362,0
24.9929357291578,107.6036171542532,3105.403427743694,-216.42851049815874,0
-352.0999801975857,97.71924532756907,-334.3937459306076,-211.28503320779726,1
-339.568880977239,-26.2969856299368,-201.8249644711176,-25.179510406351266,0
,109.55340880312451,3216.4936234590796,-221.91591271519871,0
6.248454524328979,109.88523333253471,2741.097607999005,-234.1518830672418,0
55.60392871187567,117.09027419773652,3457.6721915442945,-224.5299870692822,0
-314.5168989451908,101.48959675756733,-129.95983697541647,-225.85871480280719,1
34.358840978568715,126.12875147171026,3354.717497221778,-232.00367831891927,0
-325.3669054839509,-0.9176901179215857,1183.8020314589457,27.44357201664135,0
8.25663319080384,122.52815180168784,3288.423005778818,-214.9969908666381,0
32.98227212723608,104.63154706641325,3019.6728758369104,-223.1714233597521,0
-324.98271128054296,-1.7417058652207906,890.4723771442292,7.406699804149888,0
-341.7443196451597,95.2537962296914,-473.46393610382194,-224.09100820162143,1
-335.87866610800575,-20.482712882767178,411.96018786683214,,0
48.90279980446131,108.28139513666314,3516.1664192729445,-203.02376373349028,0
79.73904597308574,100.46691932132408,2881.48096617929,-256.2598704518115,0
31.63662677498083,105.86798434850328,3419.992427401199,,0
18.457072148872875,-15.09093315581298,150.8247004256546,-241.5458823567585,1
-333.49922091578395,-14.166309804561221,1226.9478586816842,55.353459120276,0
-6.137501715795786,107.22107005393501,,-211.9167958366591,0
-330.87586680634865,-9.82117152807441,,26.848557282957252,0
,1.1957106494468217,1246.7050904441483,28.10119447565562,0
-331.0655362411293,-12.298750937498097,730.1750576958256,15.445365543504721,0
43.285979562118705,120.52316938850424,3795.8074513839174,-197.66427670221356,0
8.266726315799513,109.53273919732686,2980.2316878087277,-217.75839803857522,0
55.246639449867565,102.26053744104043,3349.4862570315604,-209.99870153865152,0
16.180958702184338,-17.617958458119098,236.37711420682592,-230.22557148611506,1
-324.1798751692013,-0.7157087529582284,931.6906783524751,8.329891507776104,0
38.08996705597572,110.13798636472016,2659.7500264181617,-260.3655060595418,0
-331.39168057562836,-12.032232366640603,1185.8260372431293,47.90767870437116,0
-326.97638154017915,-7.62457942502583,448.72431900020314,-14.247039098413925,0
67.60278385062364,122.9189262146269,3586.4502895940577,-231.51117323433925,0
-326.83295152762054,-3.8728706025593596,1311.9749164181228,41.94612615086467,0
-323.31604516181085,2.004332872663186,831.3579008380783,-3.4493382562820685,0
,15.45589515774077,1179.1540087322987,-5.144453850087434,0
40.95640412596815,119.85569921831888,3309.4947526736332,-230.05875530066234,0
62.20811101894512,107.25135816901103,3184.1435708779454,-233.64620081211234,0
11.974958706512417,116.09028252239071,3177.9938350669454,-215.6706598635824,0
-337.5747754347351,-20.692390275338184,983.338075545303,50.16409802737024,0
-328.1240148563319,-4.134091191133847,731.3479969751345,1.535828060661597,0
59.056156125709876,103.62481206662345,2996.6668613133,-239.70636103596826,0
-320.05522364910706,5.673654543640119,780.8446185525298,-14.576563209662812,0
,109.67188716698615,3071.292015679129,,0
35.437785946553454,106.94968403591818,2979.8650784511387,,0
,-0.3538936033233231,880.2195441421086,3.769388567212868,0
-33.69125626599099,110.27482549839718,2671.4820973651895,-214.62382884120004,0
48.52624623112242,107.29248793504446,3313.970476725294,-215.806310864922,0
-331.7965017179539,-15.574526948432075,494.77213236856966,3.90757645445575,0
,-15.417613726934247,815.4990747429669,28.01839854234977,0
89.79211329390967,110.32790496452134,3343.822255217986,-244.11214156946144,0
-334.5912753151885,-16.13438713422377,1005.9385905609682,,0
-335.2029190192967,-15.407091600956262,867.4840371515767,32.509043563536686,0
-373.9600445686954,113.98316486471725,-290.00210660325257,-218.56098623281002,1
47.542237957937914,107.46253201489972,2989.137166084798,-238.71984550145996,0
-328.5007320012759,-9.147282747361087,615.8293976519423,0.951325784319792,0
-334.2966886009987,-16.357601724829234,601.5006395711133,14.292055948474829,0
106.6247732578346,,3684.4247204056032,-233.0285881237136,0
-327.38740984908725,,973.0799133514365,21.65648375808738,0
-341.4613564226919,-32.31982706376851,-101.81287195408117,-7.8638546664771525,0
0.3881422095725018,123.25162103414087,3544.495793430744,-192.77769880530678,0
-335.4328739419345,-17.637169350681603,1129.8004058803394,54.76954471474759,0
52.64041172395867,121.10081689351044,3277.204122784515,-241.56676320293656,0
-332.2524808880242,-12.98999607075711,923.0178998593948,31.039365106421286,0
-328.3622449819666,-8.664954730176673,,10.124998998004706,0
15.147761606134853,125.4201879576811,3475.561857342095,-210.21797754849828,0
6.582112826723332,115.67852684382181,3179.550989183936,-211.5579150069593,0
-22.614757702715796,112.00737474131301,2357.1801296643266,-246.68527546008997,0
-1.1860230537624084,103.87835258722835,3050.4616648955944,-198.37456822509208,0
-333.6057962540159,-16.17826174709661,811.4094225698427,28.6340830229833,0
-335.2539738177419,-19.075547821806705,795.6027520638703,32.84679051644478,0
-335.8931667765391,-22.016512804447476,852.5310576622317,41.702955681975155,0
-319.5510337379842,9.539495365395432,942.9516084147226,-9.026712511878934,0
-334.2075121643636,-17.182378017519934,738.4083411067685,25.27428124656561,0
15.213642871662767,106.98223396341632,2722.38781529896,-236.80774304866037,0
33.04506151899615,105.5359833155218,2917.3136923933444,-231.89174559786375,0
-333.14397822522113,-17.489649328900416,189.8650920653374,-14.247801148145243,0
39.478420003426955,117.46141797072796,3652.7997652275344,-200.96580172740124,0
22.997179350652225,-14.605310822776387,550.0628709443355,-216.5100288126063,1
31.800563723049347,99.60217971341558,2605.351905846073,-244.63945302250966,0
-334.86146762239593,-16.305782441645544,1037.8167196506183,45.8380726008531,0
-332.5244119440926,-12.6284765242971,912.771757811263,29.938179938692606,0
33.16336461102328,,2777.102799837892,-239.5644614131307,0
14.560581454123032,111.9507217489244,2921.626392580275,-229.509950314219,0
4.623800071185267,-16.917375199794602,-180.34146387698337,-253.86943627158968,1
5.198811469673084,109.8096290492781,3164.971653100163,-203.0032971745275,0
-318.268532423451,9.110547623009682,961.2838032377971,-7.880747300454765,0
37.84705519207542,125.98912259886407,3162.8264556671497,-247.7395355115784,0
-334.29920141612376,104.33421401511754,-300.028067830636,-229.84757944796797,1
,110.98624850265399,3325.325578704427,-210.81726367921394,0
-329.6174158705317,-11.339996317129764,582.6459545255535,2.536692411462038,0
-335.92798612248276,-18.56112989507153,626.6118683237621,20.394509798967814,0
-334.2266636126322,-19.873936752852828,672.1924261013461,24.54481090009825,0
-336.92968650716256,-22.86060713482259,494.3722158358131,17.942743463474855,0
-326.4967792736605,-3.055961999220278,1297.580454992149,39.4881377855681,0
100.83083359388625,,3128.100821608122,-244.82155298874832,0
-342.0554067756228,-28.550264494368065,730.5922210415715,46.555639257689364,0
-321.3264790060694,3.5404119453090477,891.4850112524966,,0
47.82477383641416,105.34744386754356,2943.3687343783267,-239.03105612968147,0
38.97026385035424,109.13594522484959,3336.6934660247666,,0
-328.67344240938013,-6.685096412073391,831.3171575987351,12.839993091011852,0
-328.5472908266704,-5.821618092508789,1148.8120209583633,34.22926101730198,0
-331.84839653958034,-14.511501911661188,653.692149730919,,0
39.945817352709305,108.55824218799086,3055.276651958407,-230.83664115692847,0
-331.367298543868,-10.644268258840643,1015.4661611027784,33.61901200621123,0
54.47526719115953,116.86422778349234,3213.551031039009,-240.9792602264418,0
-320.9003238354277,4.932641881452958,1114.5317236668448,10.970148647705926,0
-321.315466373174,3.135911735067838,931.1301781597151,0.7604026979673861,0
-328.7307776046212,-7.980903611687573,1191.9523091390806,40.648192509155606,0
-33.71244257428158,105.94004340895052,2689.377260733425,-206.8799117982048,0
-329.6597884271218,-11.422436456976985,528.1884826232846,-1.216697051977924,0
-334.2527131583935,-19.826946210464033,722.7280806156446,,0
-329.1962659860955,-8.626527177524759,1230.7177064083703,44.67916666789069,0
-331.2069517032597,-11.63441870717132,753.9911425192691,16.25276359707394,0
53.963120601424386,106.22362002129222,3400.664703039921,-211.41977522944373,0
34.83388558498378,110.51628404228548,2850.022184438,-245.24655719048434,0
-330.4410514295,-11.131244490653103,537.9837149422343,-0.4569754037351359,0
10.340857723747101,117.46701318152861,3216.3567986657,-213.9425495203799,0
-323.92242283248737,1.6760442932145647,927.049886999332,4.2777114032837815,0
70.83578556185674,111.78544689419637,3329.2323616777167,-235.41446457854738,0
-330.73288189832675,-13.120147203762613,389.4328584146496,-7.960796768019822,0
-322.8896106467797,2.8754596290637124,796.4632722656082,-7.513822302721671,0
-334.89917774740076,-14.052951908940134,1535.131436188993,78.15022188381512,0
74.81706031185577,113.6125282960406,3508.4754172079433,-227.78869740746256,0
-328.7081383180848,-7.264920448565447,1089.8150230340766,32.249332636276336,0
-329.52712259380235,-9.867163328002555,754.5901150003564,12.611287160176605,0
-335.1657708702447,-16.70279602190239,1056.6888702728545,47.972314721962164,0
-332.45523486414123,-13.814652656327553,643.4519250468926,12.358623240308262,0
-347.3458230779293,109.98845496878806,-156.33911068838984,-219.76316804441396,1
7.74250131688988,101.58385667643624,3109.4633060862416,,0
4.924665610379124,103.28493454926229,2767.661546276429,,0
-330.2367934450928,-9.795211234320249,1390.1794213357784,58.49914346102537,0
-332.69942229476766,-12.400667240252448,1339.3786081757867,60.28168569737698,0
-27.35887244324009,110.36554364534732,3116.041982342914,-186.87879311983554,0
,118.45944812522539,3133.369717102629,-227.9056537037852,0
-329.41892256162726,-11.799924387235079,157.4388704674277,-27.37597001427659,0
50.59991448582172,116.84530412288962,2910.6345545069644,-260.2242410382076,0
-329.5087876184516,,467.8897819486519,-6.863326198321538,0
-338.8931097002506,-24.64580785393725,265.53924128727255,5.432920784507829,0
33.73141094788181,114.67630064919611,3678.437197156717,-191.37435146134374,0
-336.3496179223983,-20.61582711655058,281.7352801348129,-0.9993916995151686,0
4.996514360985573,124.91256311981077,2970.728763095257,-239.26265359453825,0
35.81344429590287,108.08683063582754,,-226.7338516469914,0
17.127404436102662,113.86865267934714,3481.5260479488998,-193.8511136450378,0
61.074997533408435,-13.005076301528025,1589.2541127035624,-168.3442833293993,1
-329.2927520539653,-8.861976889934917,794.8895421457836,13.856786390601314,0
-335.6856088993171,-18.97817141876852,673.9390192444363,24.254235090872474,0
-327.11746877804956,-2.972701080146436,1705.667712446136,68.99952145094439,0
,-14.699111375976177,1020.848484922668,41.53557034850075,0
-321.3250571099146,2.4662868028819585,573.366962412406,-23.876268861453493,0
58.737380126101804,112.18498623847984,3563.8022687750286,-211.59638933879611,0
20.576576148416972,101.71814744945124,3081.402186611447,-206.61860097175014,0
41.6104774231402,1.1690937036660998,971.1695373830835,-221.49270047534708,1
47.57405316059054,113.5576112964231,3314.890174537051,-224.4617046832775,0
-326.36670236373624,-4.035785422679528,1100.2035444997005,26.719083520728244,0
-323.72405394607534,-0.7874061584988112,383.3600183665943,-31.145519080295557,0
,96.35928009358321,2716.4103541666327,-247.57544620413333,0
-338.55554773258115,-24.262705717476038,742.2017971792693,38.81054106848327,0
62.689116521121946,110.2618369413661,3175.39046512059,-239.05393772703894,0
16.78160038551938,109.9664125006296,2739.6400113593077,-240.99570715442508,0
-331.7826085583812,-13.709211121736324,489.4563396415835,0.7431624169905326,0
-321.2068900627203,0.7381360401121917,346.77785073772293,-37.618139564680774,0
-326.4957626763253,-1.404177464090548,1411.703043382064,45.20889975565089,0
-291.31779372015893,128.1073249440525,671.2621435758006,-222.61216990695962,1
-329.74896464676516,-11.835119373880971,-99.26331381532307,-45.51257121782794,0
22.70626419947882,118.65789321811604,3271.737692902602,-219.51513656614298,0
74.54879115951323,108.64007560311774,3531.9776308435758,-218.53913821743427,0
-329.92416580271475,-9.094088671590361,,23.26040582301701,0
-369.87104918591746,98.33300794892685,-651.7209256623267,-223.77237621106335,1
,111.14805998573644,3054.1086148949107,-220.59087249203662,0
-329.0987983593644,-7.58995672971504,828.1991734112262,14.229838358060505,0
-352.99762170884225,85.45642111612781,-642.6892429603199,-214.57327673020401,1
-340.42047641397573,-28.669939711166307,629.3189627808857,38.44867519141167,0
-324.4511749681438,-1.43953384238789,946.5829632446969,10.644327218188181,0
46.98954407142445,97.45071594755245,2621.5167621493824,-249.82477391274608,0
-13.416709893606047,123.04982427955275,3001.0861038136163,-222.74608505910578,0
-324.8679948276509,-1.8926072834489016,762.7012354366036,-1.5975200944690648,0
16.902493144934265,115.84943477528674,3463.976357471968,-197.9139649249924,0
26.817880607872713,109.16518915600321,3115.3218887377866,-219.1873364959186,0
-329.6521539992176,-9.70318428829259,,34.15315675556645,0
30.566365181507436,-6.958865152834761,686.2324077602453,-222.8821273913589,1
24.75804243705017,105.97873482676079,3195.755216990638,-207.3888520008423,0
-331.39505231771165,-13.571086719092094,,-1.7779707161149183,0
-337.2066122518018,-22.823919083742936,294.067779637966,3.7075330899763337,0
-325.5651108516738,-4.463848776141441,1080.161878727822,25.41588813911412,0
-346.78682478011837,105.5858635634042,-304.02406243172993,-224.14910284517075,1
-336.0895734839341,-20.04533883909609,1098.1198301420989,56.494076560791996,0
-334.22959138993144,-20.02493134602196,404.3641261504332,5.577577195539956,0
-345.82588587414244,104.27314588564857,-123.59971954856626,-209.87024335972455,1
-329.77087419718157,-6.573070312886955,1439.2177964251796,56.92760676728916,0
32.17012247719104,118.27300195068523,3117.9188642684117,-235.91260055261552,0
40.778393111503426,114.7881914116887,3455.8671585262127,-211.9191261482452,0
-327.74459533768515,-5.223413653344204,1161.905337430606,33.773347160855245,0
-16.050068220478657,,2740.6824663927155,-223.3466613103866,0
10.722254033948921,104.07612617694095,2682.256329852467,-232.53856903076186,0
25.902227654273204,99.17213063465792,3144.818132326573,-201.6330767107332,0
23.045944602822363,101.72117702782295,2792.1294896882537,-228.90523853364255,0
-331.7251072454953,-16.498747779071234,253.40341265585346,-12.059950236946122,0
-329.6058817439237,-8.032370229600163,516.216485657789,-7.151392767490333,0
,118.53935946530949,3432.3460626380183,-209.12537595344554,0
53.30114753476611,122.26045447107957,3890.3624976450246,-199.76548519015984,0
63.43790851866584,101.75872753931323,3427.430235317715,-208.81351845157747,0
-320.0676030468973,4.449143585900508,977.9463856741659,1.377852901488641,0
17.82019383710318,123.31718914759955,3412.0559165668305,-213.32003052585162,0
-331.62085165707964,-12.590061359582414,629.2114275433631,8.992168214955747,0
39.88116933376603,120.39437058739027,3764.2354006637097,-197.59581990271602,0
-345.41595361387385,99.79268662360784,-325.7166040038367,-217.94749690072422,1
17.89627434685393,115.1853586183007,3393.0008778718234,-202.6369739068075,0
4.412003036862249,109.16364622587226,3048.03242475989,-209.92832148091352,0
-327.87724485588456,-5.551707790665228,1157.3154173921478,34.01611693155825,0
-331.536747569396,-12.322776652007887,449.53927477274806,-4.334325960194292,0
-321.48503677329893,2.996348683456871,1480.998126046949,40.48037151884778,0
-336.8966848029673,-22.852487197075817,682.9017793643786,31.420736215391226,0
23.120261842951198,95.21938132380893,2753.4465566014114,-222.0524325206237,0
-343.3761419512645,-33.29285953695322,94.01009228305952,8.82022901717388,0
-330.1399696350285,-10.266737237761276,756.675694956747,13.740219409598726,0
43.422798551160504,118.52571207933107,3323.370980320854,-228.6357020169994,0
66.22745295713447,-5.640453869664831,1842.6765384351338,-164.3757542635562,1
-325.8479565709839,-4.66075436276256,903.0118665592505,13.191219400334814,0
-284.63647187264075,113.9910481955659,,-218.4514268670062,1
29.853871765396214,124.58297052312388,3844.25522918134,-191.7912246152057,0
63.37994494140365,105.38587170549293,3476.6134276740017,,0
33.41546963343328,107.80016852767318,3165.1645809679217,-217.73054201633943,0
9.839291585525753,-8.753504972010777,,-231.63685248572048,1
-30.724908827693913,110.16471673848858,2912.966973474507,-199.01816701583414,0
-337.1688330999033,-22.435570658507046,687.4152959642014,31.295020493255223,0
-322.57525809144664,3.2465656933408837,1423.6608806328104,36.684191095303476,0
15.78803340607094,101.842289070737,3208.9488283540722,-194.65381707815433,0
-336.51331204285117,-21.44831946484666,241.9387649442733,-2.5101498412614554,0
-365.5404222518135,93.63480052621543,-545.4914736823469,-211.89195493654466,1
-330.9711794526974,-9.912618855294753,1246.3160312657037,48.825405273238154,0
-321.81577803367986,1.7328998549015218,1080.3131263997132,13.852882530170021,0
-328.6702759184669,-3.980883488555067,1222.7337607680095,36.865910757390786,0
-331.581110666245,-12.559255671146998,972.1014151877354,33.49428685933213,0
15.958216802811851,115.69827156011837,3261.7353564308223,-211.58918468113703,0
42.608795557779594,105.52626322341806,2801.5939936529567,-246.17970851237547,0
50.98062184063856,103.55632018822081,3068.1733053438725,-229.40568486226505,0
-320.56921915731465,3.844467909789966,487.17894927559155,-32.577896813561246,0
12.82466419610417,93.05635733925162,2781.2834366400884,-210.3705976693424,0
-333.72742412838954,-17.46134402760494,824.9417056485056,31.58892510024943,0
-320.59594349569176,3.0520259205043043,1045.779856024996,8.649336909122276,0
27.735426169576858,-10.411794916396133,683.6486179952298,-216.15207099976953,1
28.193858689230968,115.52385552092251,2986.874038379284,-238.71582301513865,0
-331.3870320539628,-11.30437804971698,1306.357469865236,55.45982622579089,0
37.044843109305326,86.70584455788632,3316.820609904855,-177.76414072651028,0
29.106084627488116,114.66423528528816,3480.7542957811975,-202.6168073796699,0
-330.0572827487008,-11.537368684286264,227.44194816856975,-22.348701937476847,0
39.45762504004109,119.97836568985133,3592.3713571041767,-209.0273458316544,0
6.082686639661752,125.87504057342274,3278.801727462256,-219.29910190157594,0
-338.03218134788324,-25.32633114002576,303.34706189900373,8.613718324446735,0
-14.739675563432977,113.22597476833091,2715.019401388459,-227.80213755358423,0
-314.41383761866075,15.875293909333331,1465.4348209933146,15.763830922637716,0
28.84735028813875,112.61724329778632,2883.450648357862,-242.21449632171453,0
19.14922083494412,99.2760705721445,3264.8241537390277,-188.94424305062014,0
46.31915536792704,-11.096393921989796,1042.6445662542033,-201.0838430044556,1
-330.8351254729915,-12.276901737159465,957.0202947978322,31.524751144771308,0
32.445896985223406,109.01836023964152,3529.788056641255,-192.80298375518504,0
-330.0922106599218,-8.909995592980176,1190.0927463831397,42.75246061343634,0
-336.765037787553,-20.76448959388337,825.9382582400891,38.48261972730749,0
11.324949006159901,129.26330379793535,3233.3458238250814,-230.89086694443304,0
87.02142231395982,,3393.089041775277,-221.20404239823316,0
-351.1238703989253,99.27070752211759,-307.57101516641114,-212.28401639646378,1
22.730737897900823,103.41419581807662,3090.206382387981,-209.86418560857123,0
-325.9107147862528,-5.449283641906044,447.6275333141173,-18.231101951909245,0
-336.3836999772365,-19.61587078888167,964.2323559802339,46.44511263916311,0
-339.9132498023533,-27.391981038860695,144.28688321526977,1.4695338513980083,0
,-8.021919719612152,863.533974246413,17.435259543695807,0
-338.98823407026754,-27.376702071569596,225.84621547979998,6.710441872498407,0
-315.5311370328442,16.318861109995762,1559.1228787449586,22.5201470944921,0
18.049715657454648,105.85300420178183,3007.862559777088,-216.45174232949535,0
-313.3436287475353,119.28416337693737,281.00279829347414,-223.61480318874547,0
-329.5591980940824,-8.433572690665,1165.0441364500746,39.913751474020074,0
22.523801108296542,114.12854242344766,3424.529145184763,-201.71322471775036,0
63.90129591444726,115.94736869158292,3577.6594408851074,-219.4448215568881,0
-315.6058757534127,99.64427011404933,-54.238953722256156,-217.00297568540182,1
53.26861153235318,121.76327343290808,3812.729924794875,-204.56893536558135,0
-354.2940511796165,94.7240689002032,-518.2211732505127,-218.62475469829712,1
42.63253627031375,107.06849691267328,3105.3653843896504,-226.71924644817818,0
-330.8671979640879,-12.201394710041235,880.5085899314302,25.949439187478198,0
15.022953602927192,128.69439206046397,3098.576755161972,-242.0263756226991,0
36.00837705890176,103.79805677159291,,-225.00252991507637,0
,99.4390887546312,-218.9851352650976,-214.82013695712556,1
-326.2992323165777,-1.4411128406070794,1706.1494437591982,66.24159789932392,0
-326.16289427875853,-2.2192169994963074,1006.9027197088102,17.202476853911453,0
-292.98935798555607,109.93074919832259,261.6341061364899,-223.87907660708785,1
31.14775918674888,118.80213350168184,3108.176650946225,-236.75545997999063,0
74.15646520126877,109.18019450829975,3686.3731777563553,-208.0314412328638,0
77.03546430744309,124.8901381004319,3449.0692914515193,-250.21584173579328,0
-333.97319654168217,-13.937030173702567,1088.4839134780366,45.38732472226464,0
36.52002418819305,101.01149407354957,3185.5725451841067,-208.12037461065094,0
25.706392642487412,-9.521629446602518,646.8473842493963,-218.838592779416,1
-3.9332514163767307,-23.956338348559072,-389.90633161199105,-253.04007001488174,1
-337.1805235298967,-19.58368908278162,583.9023806332423,19.641913838002782,0
-339.42597354792105,-25.134970368834328,,4.409955940145647,0
47.30414076312975,106.31672388182686,2841.252078295749,-247.4638561230684,0
17.063564783415774,110.63859627562532,3462.6884291720403,-190.35614202453795,0
32.70886017018473,104.22167509519223,2865.1502101093115,-233.46365457099853,0
-349.871803829784,111.32474088513686,-65.67651687958076,-213.66646493021585,1
6.5438381968985215,109.12397784201467,2861.2165379654307,-224.59687275992917,0
-4.120607104562328,,2768.8390466795336,-208.41189621451588,0
89.09083539300431,113.12361275072986,3100.5521073708755,-265.26395958297917,0
44.27181212679948,117.75023802008982,3353.225077870482,-225.87617130400696,0
-365.74640367424064,100.06426183893474,-508.6599585250809,-218.68710836768147,1
-330.76867485592436,-10.713448090938984,566.4421283507269,1.1668487694505991,0
,107.55827715440167,3326.774322216359,-221.77587260219258,0
45.784168407514564,110.27649242491383,3179.080809888627,,0
-333.98924497708003,-16.69395767001036,,28.105901403292588,0
63.198978751010806,101.32945933969272,3251.8654789682105,-220.60652748856455,0
70.39327468997429,119.24786421918907,3745.7599659216944,-216.38696350720966,0
-330.34187528827715,-8.908032448772003,931.8399361402372,24.39895492940515,0
-327.68785021008244,-5.489779986208854,501.2184037117685,-13.213637408007504,0
-341.70245447033795,-30.33566671944737,89.86483475031193,3.0725407129078874,0
1.8880018491142003,,3047.68814334931,-229.42392881494854,0
-1.1834407852638051,107.73949742990634,2991.1919530576165,-208.3673120506079,0
27.469946214635783,115.90865327250434,3427.041207216798,-207.2891471710349,0
46.69811792333663,-3.231067074629266,1078.5382003251402,-210.4496721986608,1
-329.54199999937305,-9.833747652042248,1273.8031301177357,49.77988094082845,0
-335.19800874308015,-18.60951030789085,916.3798849424069,40.77376369743791,0
63.57856305996165,121.97322290310315,3752.0927520688983,-215.70511727336952,0
-335.58835080129353,,476.2245510515857,,0
-335.56100268476155,-18.392170935555363,573.9237811769016,16.136732474409396,0
-313.61304625108454,123.06895142404649,411.9580974929409,,1
-318.6411150927742,,766.4828744042692,-19.90628141951321,0
16.76391815363657,-18.173779793398428,,,0
-325.28132777256536,89.45973846204419,-453.3688547954412,-224.37670570592715,0
-338.6132114833222,-25.13843901467935,777.5019874973885,42.67922089959223,0
-326.8388584551913,-4.497651184917366,1087.012869719151,26.757513209663575,0
-328.4876297447103,-10.665686966403598,435.21324901976254,-9.741920105962798,0
,118.30414085415683,3313.5276764905484,-233.85369867043406,0
34.62597933756334,96.43165588696968,3292.331844293656,-192.4667254404095,0
,-8.89870666450305,691.7422708898496,6.3343782602243515,0
-1.369170790259444,103.82697269266265,2812.5790678288135,-215.2307068111642,0
-339.84793993032196,-28.378001129929658,549.1020486069147,31.905969749561258,0
-327.3815272734248,-8.560588942447884,,-24.741925274647286,0
-332.1588676384492,-11.820245446132027,1466.9271991583325,68.21928155881679,0
-6.118161956154413,114.1939730052259,3399.7624213172417,-185.58797224709406,0
-9.813551312028633,123.72814915358737,3141.5140734014544,-215.95555276682867,0
42.925321392212865,98.96106690389931,2713.8518325739333,-242.90057299422693,0
-337.4147643570924,-23.093100221820322,-59.04761008353887,-21.066964246905588,0
24.33741908376701,109.74054079048354,3000.397067828691,-226.72056008043265,0
11.960762330469965,128.9731649143723,,-217.75347324106644,0
-322.9811936581895,4.010114135120109,1262.825811949902,24.277349400996755,0
-333.50326014618,-17.686265626555244,,2.3769474119274747,0
36.42523763262205,103.3560967450719,2954.6870298817503,-228.09471660198534,0
-323.58147123221704,1.9846996185922094,1339.490092256103,33.16150508203261,0
24.068261812796443,,3137.1300696942862,-218.6457797546431,0
-323.9654355068688,-0.19474781037756905,504.75379729687387,-23.17586729920134,0
49.57445228527093,-13.01307146984728,1108.8679387295642,-195.53236606273643,1
,3.6522640094251813,1015.3582071457433,,0
-338.1050066124039,-22.469102668023865,964.5945373996824,51.79696595566497,0
39.06673816516201,109.31858775522467,3127.2546366310116,-226.25706731818232,0
,121.75998412920512,3535.1538072986214,-190.558556352839,0
28.19355256148203,133.04011225050277,3583.094446755658,-222.04414719467056,0
-325.15462006168787,-0.26311655018679936,1462.2455711087116,46.2908916948401,0
39.12474632780189,105.83688569337265,3126.99701742835,-221.1328073267638,0
64.17986523618852,107.03979617109484,3267.559881338497,-228.5925077579451,0
41.15854706173456,104.42227820363149,3212.6933199047835,-214.16512954221162,0
5.78923467093853,108.79075004447732,2973.5669900047496,-215.57552201122164,0
-338.863748562879,-25.838547709314174,66.46867564195169,-7.0775002650407615,0
-326.18108179186794,-3.906755408692426,,29.253456579055666,0
-327.56545473652506,-4.89154740126037,901.5119526015466,,0
-394.1639184478141,74.03310997763305,-1338.242598150393,-221.5596105808903,1
16.207302771631014,127.28811706451646,3071.4944202165198,-242.6195149295222,0
56.558182257378355,96.29711477679896,3319.260124108563,,0
0.8656192622294334,98.24011265221225,2892.7398570519117,-202.5796267519877,0
-326.26382823158445,-2.1702663636584774,1127.992635140159,25.87088795971804,0
-26.22985668302963,139.02892080541687,3379.9877505894856,-211.31070416066223,0
-321.55597661161045,5.300908802071219,1780.261530204042,58.54327483147513,0
56.57194301802053,105.46952248739825,3198.600267916326,-226.41807822024109,0
-4.300983080411189,117.54597219990681,3128.47559252648,-211.1575853434145,0
46.9017467172623,117.55965584728906,3875.4210815753313,-189.82249293215054,0
-334.37390744926114,-14.627217323335557,1431.7263539314538,71.26396991590683,0
-333.49240519127386,-13.610482830757153,1112.2245514769759,46.300814588105176,0
,-21.766547512120155,311.4538095413991,3.459643273559738,0
-333.02763041147483,118.92725101127621,123.91123885533268,-221.97306990991422,1
-330.6818344263657,-9.83569288217913,1166.694967061513,42.82318705528532,0
-331.5728196167252,-12.208461762304161,793.1153903271166,20.14037804187698,0
-325.2082978675508,0.40184322006738604,1139.7712681710598,22.225623666009223,0
41.99867675389434,114.23883993883274,3496.9172181400963,-208.92690425853277,0
15.464074565124344,114.61530138576063,3204.5924250703765,-213.76282247171264,0
5.998665054417662,111.05988809212306,3339.52644448417,-192.85638554497348,0
-340.2329117384813,-29.94525445759959,0.7095693251727653,-4.82085052803356,0
-336.76928220058227,-21.880885922928385,465.9305899233397,14.346332444741314,0
46.44383772880928,106.63959945719101,3240.655087437075,-218.7806944706906,0
57.869674637752645,122.45238368223505,3608.7252972540277,-223.10495499700042,0
59.72030483772645,128.31700702992325,3536.492072549565,-238.16821248968714,0
-329.8339773269948,-8.370043595854728,1641.8987326332563,74.16528275763817,0
-338.34752697350916,-24.659834923486503,593.3510868434915,,0
-311.0714284374654,21.780842576193088,,-6.341767302672032,0
21.100049889641557,99.14109781656657,2781.307498602068,-224.62009267851877,0
38.584340276602724,112.50697126596272,2829.8853577321734,-252.00750930498785,0
20.65178936432152,127.84755777006944,3378.2427139414167,-224.26159219403567,0
64.38769932618244,97.38218899009857,3324.35744547208,-210.2866743000809,0
-330.6468852467552,-13.09251849836752,189.59842623257046,-22.376894548949426,0
-12.861832290034865,107.60386534099987,2894.9047713795258,-207.72765546555598,0
-333.62417142113566,,1578.1309910118473,78.0689141679589,0
22.903919399798056,108.8437219912185,3397.4789324661842,-196.02922278256224,0
-334.91841461405136,-16.828311345078717,994.6574388955876,43.55816601237029,0
-325.13500959827564,0.29964019119262275,1882.6552928040214,75.56974577190987,0
,110.6013747525139,2824.2271269757985,-230.22590799166665,0
-333.0699407333126,-14.955023069890878,475.3775573195549,2.3963223646029164,0
-331.15503247198836,-11.604845869918217,555.0092130713116,1.9162806081610562,0
43.09692302193096,122.07151978266789,3089.4135739858298,-250.47182219162403,0
-312.0208941265951,23.711340938012125,1512.3170330091787,5.963538173771585,0
-327.99030034888006,-7.432813528045106,985.2886720939858,24.557228842266866,0
-339.96185182984124,96.11135479683836,-368.7178191414887,-218.98015284538806,1
3.4732432207186292,98.29394075789267,2920.5211784094618,-202.30730086410546,0
-333.55552395791335,-16.574868050949824,505.40004161564644,7.262563609836886,0
,121.52177213842037,3794.8385909903704,-198.27952805434614,0
58.643549260536425,113.35155383493196,3169.2459888147214,-241.54828129797136,0
-327.5757255947152,-5.061567025453747,704.7914237568272,0.6678086899806956,0
29.37977332283575,109.3572362991307,2877.446360371558,-238.12995013848968,0
-12.798772488583197,114.1594971935574,2887.801622596188,-218.02808721785723,0
10.37293920338251,111.99934173327293,3272.3664955754566,-201.81544012910933,0
33.3093872618578,109.53153043814116,3594.0114311215334,-189.50641530198035,0
-328.0593753863614,-5.90760361424957,1176.7917133789292,36.05572181904817,0
-2.1690284753206424,-16.78329076187813,-330.88546709956717,-260.5891553758742,1
27.84101773223283,106.6454111074346,3156.821269656335,-213.1079464567108,0
27.047600733320394,103.23339305928641,3235.0502778315013,-201.9276661711814,0
1.9562700001413358,123.82975712778287,3154.8172915365585,-222.54902208128078,0
28.060308179043194,100.18694195744695,3427.728283388876,-184.22418950821375,0
58.461206904631574,102.21491234538533,3625.850122020228,-192.14536070231642,0
78.14397453014668,119.84080585061872,3394.6338747429613,-247.3023674476434,0
-332.5269849758577,-15.316385419116882,934.6511114137757,35.50613447705283,0
31.67499033731883,112.91410817063547,3405.8155865181916,-206.99803876096257,0
-0.4136226508637897,112.96593243642576,2977.0803668888457,-217.63686235837213,0
-5.900631502269746,109.16665084115432,3141.067363577765,-196.78547351278505,0
-332.58796978936016,-12.520619969646098,522.8475702012825,1.8740958414441522,0
-334.9998218912477,118.32558655073495,147.8723766269315,-218.1216689440743,1
-52.470946565947635,105.75825387239065,,-185.56841172485272,0
-336.6238027717038,-22.006052898546184,661.4892920956661,28.455655480187637,0
-323.6549058018372,0.7963839044358512,1420.1484638192478,40.755628513016944,0
28.62837158210585,99.35465655571294,2852.3876310775477,-224.5743711162858,0
2.578418642609055,107.50716644333477,3110.8736306727733,-201.8086288813984,0
-0.6768708428304393,126.32726716778434,3235.86687921606,-218.801259281053,0
,,1375.0666310924798,50.24603476536934,0
7.711766896336911,111.03408154729644,2902.857098279734,-225.1879740363894,0
-326.1561061934605,-3.824924099661171,,24.616342445437667,0
,,1133.2151771996348,18.592602651237318,0
16.23819392360561,118.62619505958821,3311.2476103435497,-212.57226236310876,0
4.818834597125399,107.75150703321586,2837.261037254077,-223.18809385931428,0
14.482149719977233,103.17594104909006,2824.6919828190603,,0
62.272689828213814,105.36060656804055,3094.2831387701317,-237.31398069853864,0
49.52938679146849,96.35712817303684,3111.1538844098577,-214.70453232526188,0
-328.84643181569555,-10.510337359490542,532.3180764702879,-2.788618326918222,0
-325.93391905051783,-1.707614723010833,851.4642905564324,5.1582080837786926,0
-333.7183231026802,-20.345890724655632,217.83335404736908,-7.633810212089358,0
-326.99826452654963,104.78196314799992,-38.93283378814978,-216.39007773075588,1
39.14954859195115,112.27239639203184,3250.991283250552,-221.8355314485008,0
-337.97686030143217,-23.29618377434123,611.0736378075201,27.611990247836594,0
50.00978676949567,122.08995327879273,3239.787877684794,-244.0665663681149,0
-336.4886301015034,-20.29583220229774,1462.8684798903998,83.25684397147654,0
-329.08626879578645,-7.31919798907355,1067.797904859927,30.989837028054342,0
-321.2719328322436,8.325253634260736,1011.1677275252933,-1.2504852683190926,0
,113.98963862786348,3338.989756083321,-206.00643113259719,0
-326.01653135817037,-1.4367147219133791,1673.5981550249587,63.72465748542943,0
-329.3708168975028,-5.999538485795163,1268.0528207966317,43.55668475621229,0
60.54798154201336,106.74930553755658,3029.906311817551,-242.90949808906362,0
-1.7564086636866971,99.05980058386366,2943.6779464569654,-198.50093342673443,0
87.12746126776854,101.71185678881994,3262.656506177963,-235.43773496080212,0
64.84572288232046,97.505140842219,2651.4772730692885,-258.9787506620843,0
64.36823861712912,94.62952097786005,2840.6334553893225,-240.84540364137172,0
-5.495652578283838,109.4509749945431,2834.7627074219076,-219.41394857264365,0
34.77515441648839,114.39384818120016,3201.095184551087,-225.81834218915643,0
-331.34129824850555,-13.014176626764016,555.9149896992132,4.1946705768557635,0
-324.8280278388351,-0.817764703069761,1077.3520652082057,19.327674733982665,0
-337.74169957945963,-22.44578938118602,546.3280629346841,21.559292960262084,0
-20.755677021462354,113.70696513829212,2871.8866805405473,,0
,116.24884927204428,2967.981352163056,-227.69644554868717,0
-329.4742789149211,-9.76183493211332,510.24914822446397,-5.089082418855835,0
42.79039047837687,101.230320458653,2944.42195145023,-229.66778529987866,0
41.1404322972011,111.02776038872544,3294.9249245543933,-218.08661081110768,0
-333.1820995055384,-16.36720942404226,1208.9158036368212,57.135867835780736,0
16.606522387913536,-0.6411434515360703,,-240.50120421208996,1
35.599558514579876,105.12528967044602,3024.8424518940046,-225.18001070440266,0
-293.2888526177702,104.89939094308238,237.60273583290967,-217.92872543711147,1
36.84661459486631,107.68449350919524,3358.0438402709433,-205.89193998614508,0
-336.84372475611053,-21.990199543481825,952.7671368609863,49.44443852491061,0
-369.68598445288274,90.66234392944358,-707.6173966668524,-216.48401414534138,0
-328.57557211913246,-11.657045325229252,98.89801214107266,-32.31371629106668,0
-321.73446501129416,3.9609433985881015,1363.2337711095997,30.76274794604228,0
,103.97536115911085,3231.3817611995637,-239.6924967991011,0
62.33673191029904,104.4838048587441,3121.4620072962484,-234.10219417647613,0
,107.84358288355389,-107.14313144096792,-223.3896916586497,1
10.200044944114264,-18.456705088084693,-24.3680146576974,-243.9058086594581,1
-344.7822329133072,-38.596429622920304,136.49162934488606,20.63743741305919,0
57.446559633284195,108.58776440355086,3505.8472290889795,-209.5875746566537,0
-320.48667924318346,6.007266490562566,922.6354521401879,-4.6403972019948725,0
14.877041934475992,108.01549438582612,3408.2252478290966,-188.98330529535255,0
-334.0445606530697,-16.174027879243855,618.3664395273704,15.069228292668306,0
-329.05892041172086,-7.664932408978693,813.2319433588679,13.243696364018655,0
45.645166232756345,107.61340112224933,3155.142580213956,-225.85559033282982,0
55.571442962536175,130.1959718965138,3611.754503498892,-232.96265168308943,0
69.31174540058092,120.40022535443723,3186.9480206724484,-257.4683329039885,0
-324.7506327191282,-1.0344730419273596,878.0788348122934,5.32066105057595,0
-0.7147351808545022,134.51197318907253,3128.1530959635306,-238.67176205060997,0
-333.1917749976814,-11.55036999269398,1225.1435472859982,51.13965208323292,0
48.34480115335409,108.29397472362744,2929.7261697378945,-244.71858654818675,0
-329.2517295379488,-6.233554328499338,1227.8665820881374,40.95005088387957,0
-329.85574044059837,-9.130646868037253,684.8406003895885,6.723640864636806,0
-338.9660129038915,-22.50083119309048,602.5569540483598,,0
-325.89763986704855,-1.8161868497639766,383.61486506382005,-28.231108157229386,0
-330.7461050553364,-14.64937583609867,427.2705144001902,-2.9660957139732247,0
-331.0603497523776,-14.6629155873116,798.4988513182375,23.855262408542615,0
50.23622571464632,102.45460828648898,2976.852422630266,-233.84352738422623,0
-326.6739531021993,-4.368342092774924,904.1338951874275,13.355676909505334,0
56.795127556706184,96.16098008424548,2831.888001192191,-238.99160477193857,0
12.685628769687058,-10.780118328994082,130.97205202565831,-245.75457078966593,1
69.90888912161608,88.92682622454629,3155.1020240569133,-213.3078210662478,0
89.3179371373632,103.08598679993302,3547.7928862030594,-218.42416394894892,0
-1.726380503517131,-5.195804371329721,-231.4801475785842,-270.9803540895061,1
29.124677228978378,92.08145783834912,3028.6537283424077,-201.4350960275981,0
-329.22083140198566,-7.117375685516283,1055.7636845353504,29.911749992324403,0
49.23322070074298,-8.32488756510064,1202.4085085756408,-195.5883079342459,0
-332.7715532690907,-13.493458587399926,911.9009871373013,31.317766339181254,0
-328.4355981583705,-7.109275799769907,995.8218397929576,25.110611220583365,0
-328.0793613783626,-8.023578319645583,684.8517374332816,3.96142406780708,0
-327.14669622455557,110.42195333582973,-54.58351940759876,-225.80811463604607,1
81.91615715369896,118.33334697319036,3378.9204109643174,-248.55634280373943,0
-315.78872735290037,16.736452004230127,1666.9680748311116,29.789456209017494,0
,-29.280926733442783,436.4905077896097,26.452805346661815,0
22.469356287725308,105.97943150824369,2889.637881136706,-227.88940376057576,0
3.3278192501389814,112.082682158227,2741.6771576540336,-235.54393289000174,0
40.99746442524599,112.73205349846397,2861.266513118181,-251.6097358958241,0
-334.27229130256643,-18.784292863055168,403.10000390635423,3.6683161713015444,0
-338.3247063765895,-23.488345127751685,861.7588015039727,,0
-304.07271817273244,125.9779976583622,525.2651990802219,-221.89276821780584,1
19.785123181203918,117.06092435833867,3308.8109483567505,-212.64722951683893,0
-319.5851110703533,8.910996958442112,1232.4256486773797,12.674524263697258,0
28.556755518196855,106.58064424060518,3295.950531888981,-203.49076576528282,0
-327.6439743304922,95.26896974874298,-290.59599897769743,-219.86860202874587,1
19.88978348885129,97.19853143231796,3445.2418107304843,-173.38968430930936,0
-34.18676566356943,102.06214840808823,2740.5098622006185,-197.1489672831907,0
-329.3865649459859,-9.40457935104301,1262.1891052087951,48.21149753686356,0
-328.7323585257065,-9.579213159812019,813.8079635180201,15.927347595811572,0
-21.015031339111463,126.47056923141696,2760.200008922817,-240.32299243361587,0
34.09901309385322,117.01330094904672,3116.3403766540987,-235.3639035708568,0
-329.88758309801847,-7.329236551778671,728.9189241271586,7.222814136743274,0
-290.88073958015246,123.14229113704549,474.6148549162701,-229.5936677399373,1
48.598518385629696,109.88055271709527,3592.2011866894372,-199.76241074780924,0
-319.20279371275353,9.103955884831292,1755.7088805757146,49.64789823322919,0
-327.71024925993254,-3.486887065839648,1641.845297629844,65.56309519575336,0
38.436765872457194,122.23915109429942,3598.4124605467587,-211.31595747948688,0
34.4701443476477,-3.56177156406547,834.2425415537115,-219.78140183141306,1
-321.3574251691172,3.48602538678211,,-16.03356976171236,0
-327.54330327117697,-4.785620342100394,1313.4942628521014,43.859117554464184,0
70.21956847765959,94.0265260579502,3314.303714216301,-209.67999682003315,0
33.04254386230609,,3080.412919845991,-227.63165823419914,0
-337.4592338952602,-22.78034455433109,480.8258096053141,17.185304622341828,0
42.33523458517877,-0.27257495058992554,1174.3837557632232,-205.2403972587623,1
-331.9521093849776,-13.248639149128671,708.659298369467,15.873541458852982,0
-325.392640091354,-1.7192854884197306,970.9102946837753,13.39544546208451,0
-331.42934346868344,-13.093704586083678,1018.8660667321933,37.54528507462594,0
25.365070235422873,108.73659216730044,,-225.94426557280005,0
-326.76649669395925,-4.242262215846901,1209.6019716609137,35.117384760615366,0
-329.1542081539462,-7.325866047351051,1449.2833601088375,58.38127229600803,0
46.35446818241713,,3300.127634910163,-213.59805612945684,0
-333.4149064148984,-16.970706957496066,241.22991705642605,-11.168492496610353,0
-367.43198732602974,104.34590413781437,-431.1740758239687,-218.44411121762442,1
-313.70414404917744,16.454674048537182,1141.8106966340592,-8.736207090027666,0
30.080500244553637,114.82276429460606,3219.8691671808556,-222.1610171978217,0
-7.668428823316837,119.45227752923057,3109.6429148830766,,0
-331.50360093704904,-12.367113516177728,685.7290558104615,12.63713568099563,0
37.718996819488275,-12.384596945039121,902.5979811767282,-203.79990960644363,1
9.384854233447584,105.62952838487638,3181.398725208313,-198.23833968033128,0
58.165390675327416,0.5384049383868117,1528.3431076988034,-191.0276107568577,1
-22.44398593646559,105.1012454854068,2899.5731275602857,-197.64931013947535,0
-326.5645306024892,-4.059852599761493,998.7775313048654,19.61058411239007,0
52.24725252182699,129.48592455983058,3267.8552599431937,-254.4628812297011,0
-330.13989052346085,-8.994492553740505,1182.5419633263105,42.36699302342032,0
-336.54327052742616,,-402.36885577888586,-214.39811530319653,1
71.73755907302989,102.48051727546961,3452.722293110476,-213.28984616119052,0
-328.52095060564255,-7.219909742052862,920.5800881228299,19.936680555859994,0
7.81327687695752,124.75247304927439,3507.4628082310687,-202.32987249066707,0
5.98351586792675,120.54375381645528,,-219.85606527899705,0
30.626203789184856,107.59822566891927,3023.552228295692,-225.82600732227104,0
62.73969576601398,108.10663743024573,3162.1608743693632,,0
42.65311487244987,-12.445728207864102,1190.1181769573025,-186.20449102360803,0
-317.5231661938572,10.133361983857405,699.3633407375851,,0
-328.005196577526,-7.666386633070434,953.0880000109265,22.60640507058096,0
-328.9908844387611,-8.189000158067357,834.5626648655989,15.509164900916927,0
-321.96012481974765,3.5005928680476917,868.5177439552291,-3.864063535941664,0
,99.49719564875984,2742.4944289498535,-207.8225035701712,0
-333.76545285789365,-12.924750870652089,1345.9215679009862,62.200027923716554,0
-330.9466479722855,-12.713312759517727,587.3001489453383,5.748331284927968,0
-332.6890736522205,-13.797328571323312,1228.3436037415936,54.39554525929071,0
,4.008925137184409,1476.2158488379446,39.45995584763681,0
-2.563218952955424,104.46460108109339,2989.643476500912,-202.73974439281258,0
49.694130848216155,,3467.257420564375,-202.2622995792466,0
,-4.400614349872569,634.9045979598727,-6.318646041211569,0
-330.36506477440236,-10.108178890913486,996.9363378479608,30.863869897722278,0
-328.1623860320459,-4.489342481202616,1284.8410280724584,41.75398991610955,0
36.613541058752546,103.6066905919016,,-220.44556639882094,0
8.541347560271895,120.13843545553166,3242.6721254242166,-214.8997920609451,0
-2.9439292902573744,112.19905410710123,2905.9417667652297,-220.00424239890563,0
34.54003954759539,119.96361219001358,3212.7244907105096,-233.12244950724522,0
27.358802035805994,102.55033452995167,2813.4488247405225,-231.32083983428402,0
,109.94650164999094,3192.1399414364673,-189.1137514706034,0
-325.2125954125662,-3.974448423117529,484.7351080078591,-18.204366851757925,0
-13.076263453105941,105.13576477532493,2763.5678717883807,-213.3336619965364,0
-329.10153291194007,-9.437539286095395,519.5523737548124,,0
42.37308443519076,109.38943103891873,3315.5209236268256,-214.9480849268068,0
-330.4152177714729,-11.07491932945183,523.9671396729843,-1.5614799602949603,0
-335.4000637860601,-20.111167521439754,-36.93500544890398,-25.18398614119968,0
45.85799834595337,,3247.103257096882,-221.2769256346168,0
-328.1073935131447,-4.298026741086272,,38.33647604555536,0
-332.6236218992999,-13.495831462575234,723.3798877932053,17.718140040232807,0
,115.58715890353554,3214.4618226102657,-198.22120727204748,0
-326.22306020231326,-3.534758034373784,692.439638715593,-3.3385222671843984,0
17.600234652755713,111.88128309902461,3228.8001781275116,-209.30331034011107,0
-336.43777245697964,-23.259937348881394,391.03884982969885,10.822367559376557,0
-325.32765916700606,-0.3630574185880242,1212.4307781159353,28.645527130330244,0
-335.8969389311385,-20.568212204933502,927.3244294719902,44.91092290449064,0
23.226625652013173,-11.886961615910678,,-221.48975811943703,1
-30.610054771063336,109.23194602548406,3208.2581285202173,,0
-342.3379227664863,103.54854815831123,-281.9885984478127,-222.33487446273713,1
73.1918617762113,122.59485933229155,3756.3494270232454,-222.36538965084384,0
61.42738234547282,97.3209379814967,3061.4528656378698,-227.1762454456584,0
61.055203923047785,106.13500958614982,3283.3060836089116,-224.15475053493398,0
19.128608228638893,116.47778814760773,3121.492106868009,-224.79130615443978,0
-335.60435163082866,-18.10855367296746,722.9478367861851,26.42175943973694,0
24.524194004320787,108.94697836989852,3536.9129921753342,-187.20851530471407,0
37.31093038698671,108.08661999291104,2931.3180491546673,-237.36281237949686,0
-327.1408704696077,-3.741139963854181,1753.2727202650144,73.56888173174326,0
34.11341569146613,117.80527507175812,3228.420724028629,-228.51890564614934,0
9.873510122559406,111.43498110124001,2995.223050865118,-220.52335536132756,0
7.103190261828729,,2914.0919084683524,-221.27230382969844,0
43.13634785446562,109.0203075659244,3268.372752259552,-218.25743623450435,0
26.704423129994897,107.26861094550573,3313.4762036320703,-202.09424990581607,0
-329.60945890445225,-9.055929702607362,,29.871468808987295,0
-344.179304201256,-33.28936838576703,660.0713230805148,49.88600047856153,0
51.72495664813884,108.16776516355692,3160.1219463831244,-230.14368537935016,0
,,3150.8759158460807,-206.10891248703612,0
36.48978837809367,101.2404701073994,2845.9209264706187,-232.78282679435722,0
-3.1596282130046482,115.63570790440193,2789.6894072983105,-233.3119917452668,0
-321.43315608949166,133.5818431939675,546.5502394817534,-220.76981286019884,1
-330.14358869405953,-5.788949455468418,1360.663561410206,50.36587290370093,0
-337.583916683576,-20.759475039458206,977.8721827116792,49.87792482098232,0
48.977455493338056,119.02727647474765,3722.8191270933758,-204.24601782045212,0
66.67880545613242,121.85242847555658,3128.001687066773,-262.198447054005,0
-0.8064928708392127,-18.852720749484444,-75.41266443601593,-240.05872012697864,1
-335.6268631966601,-19.034224680240154,849.230149338195,36.862790652746504,0
31.887611665077305,124.94624467589043,3899.491195283811,-189.65109288027267,0
-27.80808146273544,121.00750465533838,2962.2893096017483,-213.44542632971954,0
24.29130794540079,113.24425651495606,,-210.5525154700155,0
32.02116461646696,109.68344314872508,,-222.19330458725267,0
61.68310208614343,101.44655483569005,3153.556743792881,-226.87340587831656,0
30.612486415280493,-11.865146773017372,719.8557162361931,-213.20323121046346,1
25.297796454202715,108.13200902736772,2762.8306625137375,-241.9562585659207,0
,-11.347856994084484,1451.109124996074,66.16105896426329,0
-333.14210817248744,-18.478712572212405,359.5553285873521,-0.6170004643438176,0
-323.07058960013944,109.82370031949466,64.81848774306442,-218.9226104738574,1
38.4506770350231,115.13959256590847,3516.6245176344923,-206.62508173577808,0
29.789419429465934,105.9628089453825,3488.862636562839,-189.5213883178422,0
109.11515639648938,117.32761941937022,3758.604204262447,-236.9413392103072,0
-332.7252194853463,-13.749752927407963,705.3200886188268,16.865458405204468,0
20.383719838183154,110.56599317596766,3088.9301382192075,-219.11946052346877,0
-8.280067975308176,,2973.4330186938123,-210.40704679491355,0
-326.6312613144102,-2.1797628924304924,1091.21797564664,23.480470514862635,0
17.774912755881864,109.0548860732622,3315.3937939971543,-199.00303493486726,0
-334.03408045513675,-18.057308014258098,258.77368951147514,-7.905806033797731,0
79.55024455730016,119.82569314960557,3667.4981129061443,-228.60895067125276,0
54.055776564493975,111.73502233854725,3307.847362419102,-226.3281041079852,0
2.2559917450268063,106.1792715562819,3203.433795398594,-192.9974872107206,0
-336.8427047725303,-19.501339642804798,800.8681379642502,34.85580760214084,0
-322.9535774071675,2.43603100754874,1131.000882133844,,0
9.728580950251207,123.11361848168087,3092.443200884032,-230.8375330520993,0
-331.40051797119605,-11.839386872772133,844.5943385992737,23.17229117838682,0
-326.8232298287571,-4.499943877104986,,10.14107561075461,0
50.27576775895166,117.61502741228952,3643.457162288179,-208.64845488377898,0
-369.52111337235425,86.92683421754147,-850.393800721082,-221.26283915539125,1
28.006671763356454,-10.626307918093483,655.1237054846382,-218.0476274321079,1
-320.23832524683297,3.3769636846451156,692.5946204501805,-17.369449230147342,0
-350.0216559713647,100.42210780000556,-350.6224348188106,-217.77460117409007,1
-337.1519431392379,-24.483132756094633,204.49051522634747,-0.27814896487855734,0
-331.2548044652783,-11.71072458779416,857.1813852746951,23.7913801178793,0
,118.82255955475885,3349.549092398513,-230.71317000384033,0
-328.3271789856126,-8.832793888649357,555.6055997089064,-3.941429363165927,0
-328.62870521521484,-6.805383501014496,811.2888286638085,11.555501004126809,0
-4.208021812425482,102.19948503877579,2799.642894465728,-211.95299213389455,0
24.7103732389132,109.42281880606382,3039.4628077072725,-223.6826728397402,0
41.817311566458805,112.6144363113359,3203.1213876659435,-227.45120037069015,0
22.26014830843705,110.13280300836605,3112.11133023849,-217.99288550772505,0
7.55311505473494,-25.007775492395147,-289.12845433195287,-251.4714305897554,1
-327.36009500485795,-6.727701203285195,500.48213911913973,-11.630891816434696,0
-329.50444518448813,-10.738822732144797,463.37918379178404,-6.975713974120996,0
66.54470349003599,2.9775454382940847,1996.6088730220804,,1
-329.57281110663524,-9.893661561409353,458.4896369719052,-8.540371990307547,0
-15.30023715326025,95.58825250839419,2996.7505430225538,-181.02306152884407,0
30.47652259796786,-17.496969789898483,738.9029570489391,-203.3752292883329,1
23.18299392854141,104.65684398785503,2557.2058239136445,-250.19387946721665,0
-12.891687607623279,121.51681755471527,2950.9479338941546,-224.38868757032742,0
-328.69073609426306,-7.987965460288828,645.5777715713781,1.4780771651277647,0
-327.15940723866123,,1170.6605843913383,32.78998768950208,0
31.26785959148163,105.65917647623503,3268.285601459819,-205.8061785431239,0
-322.81397329754367,2.2920490050651487,,,0
58.520186447119684,105.72007556495376,3339.67871650394,-217.90471935452226,0
27.16077165657575,111.13961950601879,3107.007562672216,-222.9356792576857,0
-327.53403569952656,-4.179569108072716,1301.5446001427288,42.095406293791946,0
29.95708347824955,99.67295806393726,2965.202669848482,-217.7979746957202,0
-330.77885150133943,-11.00881535731923,737.8432642830898,13.89592853865949,0
42.70874515888749,95.47652414356946,2792.632826510826,-231.93531546034058,0
74.68125690827989,115.40408990589623,3462.4664260712266,-233.66557865759103,0
21.78110138796443,118.4716821685411,3320.2165973180845,-215.18260581979277,0
41.80731556338774,114.57000811415412,3299.351285860021,-223.45767851806386,0
39.15588509690179,123.19091517079194,3084.055850557408,-250.04453325971545,0
,120.31530421759479,3527.3988359677505,-219.64868468085933,0
23.612177295923555,123.83335029351697,3450.858289654721,-214.94655419947472,0
17.564237765576838,128.93030085425548,3539.02115546464,-212.41007344007195,0
-325.4166909303592,-4.55143270470149,846.26802989893,8.691110799416197,0
18.080223968221947,100.16743005801641,2776.8386901325657,-224.56951818164163,0
25.076289303666844,110.48092436545979,3136.9967208572943,-218.49689086513058,0
-328.89498231565045,-9.948255242384214,277.5967681468259,-21.848613618584213,0
26.16023884212711,98.33823903535,2650.6664758742168,-235.96770525946874,0
43.39699375553153,-1.3900635741377343,1359.4435819631067,-190.98310238411756,1
30.494368153707637,119.1567238626726,3094.831383172434,-237.82873961664987,0
26.082454618482505,-22.537776033266894,146.9171532844534,-235.53992127200092,1
8.358876572327762,108.78997178585024,2944.3739615976347,-219.28111814373926,0
-331.42910948809055,-11.811537962940612,572.1955876783918,3.627609206986069,0
-12.339426029045608,-20.27926287361757,-863.3149809738417,,1
-332.2093762280256,-13.14705764322068,1015.4992967970297,37.87351475775303,0
31.10376209647308,116.5124076074273,3167.275509933073,-229.08648573825127,0
-332.2040837552541,-17.186477121167012,199.1184958159657,-14.626237082524424,0
-334.76579298056134,-16.75089841053179,899.3736975260181,36.51868271502817,0
27.989326195854503,105.00911486400221,3067.2015597092036,-217.18960017214056,0
-334.7341807943352,-15.157068010309533,1006.9466535912769,41.83705499836068,0
-329.78465382790034,-11.624305727726336,780.6969662408221,17.2578545940015,0
-331.6419411201639,-13.580115894059936,822.7035699101998,24.34461336774625,0
-326.1167022332851,-3.5846842532968726,854.9100526998778,8.312215866025454,0
12.733533430453399,117.23678632711179,3301.826136452375,-208.97845361071478,0
11.96785920450262,96.73881686979027,2899.8350646954777,-206.81412232518562,0
-325.296075680565,-0.9297805157875505,1268.9215798292673,33.51706930667138,0
17.37018976530024,-12.56160812707777,247.8445867341101,-237.67255520669306,1
-390.5167265592322,85.24194217408807,-979.2729636767664,-214.79970111990926,1
79.63023441208041,115.68858122284674,3622.2925113988035,-225.74471287974285,0
-328.1195641620657,-6.872552106156028,580.9231084038709,-5.173467457213885,0
53.951999168140084,114.32622802578081,3449.1799128784,-219.98894212569286,0
-328.6036789211981,-6.8886597354056,1287.9395657779505,45.82241589037238,0
-320.6615670411434,4.754035224114076,1130.608478295123,12.23793472762422,0
-331.20564184563716,-9.047547890066935,1149.9377268871908,40.77903620059589,0
-346.29437959566695,-37.024788317345475,485.06958300814347,44.23026859678547,0
41.56775965432022,97.28704571647482,2855.6195350178855,-229.39770127963698,0
52.7324579126882,109.76539622380494,3535.362861529294,-206.26198331211404,0
-331.89819220517404,-15.111077182303545,486.20748694328597,2.6682965890778654,0
-327.7897813082677,-5.0437071764646735,1137.9554897695107,31.818074441366043,0
56.22322484314001,104.75876851305568,3434.8676115102494,-208.20978719117386,0
-332.8552129605986,-14.273059068389813,723.5252562624995,19.03023771871789,0
-311.84089534880115,111.87670747183218,202.09313774389983,-219.19516467723122,1
-388.53006701628846,94.08326501115148,-860.0696803311728,-220.65726232076622,1
33.385341590281236,109.09129215708536,3066.218437163506,-226.72309915369988,0
-334.5221577809194,,1152.9835431026415,49.05511459576701,0
50.1361079450405,123.79767692371092,3221.977268920716,-247.9626311815564,0
